type,entry_price,sl,tps,entry_time,qty,current_tp_idx,realized_pnl,atr_value,exit_time,status
LONG,84389.5,84118.0552823416,"[np.float64(84751.4262902112), np.float64(84932.3894353168), np.float64(85113.3525804224), np.float64(85294.315725528), np.float64(85475.2788706336)]",2025-04-17 05:30:00,4,2,22.0,180.9631451056,2025-04-17 14:00:00,CLOSED
LONG,85101.9,84849.59017750654,"[np.float64(85438.31309665793), np.float64(85606.5196449869), np.float64(85774.72619331586), np.float64(85942.93274164482), np.float64(86111.1392899738)]",2025-04-18 01:15:00,16,0,-24.0,168.2065483289667,2025-04-18 02:00:00,CLOSED
LONG,87674.0,87200.88628189337,"[np.float64(88304.81829080883), np.float64(88620.22743621324), np.float64(88935.63658161765), np.float64(89251.04572702208), np.float64(89566.45487242649)]",2025-04-21 14:00:00,8,1,4.0,315.40914540441537,2025-04-21 16:45:00,CLOSED
LONG,87493.7,87125.60706233072,"[np.float64(87984.49058355903), np.float64(88229.88587533856), np.float64(88475.28116711807), np.float64(88720.6764588976), np.float64(88966.0717506771)]",2025-04-21 23:45:00,16,0,-24.0,245.39529177951871,2025-04-22 00:30:00,CLOSED
LONG,93976.7,93605.78759331044,"[np.float64(94471.24987558609), np.float64(94718.52481337912), np.float64(94965.79975117216), np.float64(95213.07468896521), np.float64(95460.34962675825)]",2025-04-23 13:00:00,16,0,-24.0,247.27493779304208,2025-04-23 13:30:00,CLOSED
LONG,93849.1,93184.05005084339,"[np.float64(94735.83326554215), np.float64(95179.19989831322), np.float64(95622.5665310843), np.float64(96065.93316385537), np.float64(96509.29979662645)]",2025-04-23 17:00:00,16,0,-24.0,443.36663277107345,2025-04-23 19:15:00,CLOSED
LONG,93860.8,93512.6836606566,"[np.float64(94324.95511912453), np.float64(94557.03267868678), np.float64(94789.11023824905), np.float64(95021.1877978113), np.float64(95253.26535737357)]",2025-04-28 03:45:00,0,5,47.0,232.07755956226117,2025-04-28 11:00:00,CLOSED
LONG,94701.8,94213.29839929209,"[np.float64(95353.13546761055), np.float64(95678.80320141584), np.float64(96004.47093522112), np.float64(96330.13866902639), np.float64(96655.80640283167)]",2025-04-28 19:15:00,8,1,4.0,325.66773380527815,2025-04-29 05:00:00,CLOSED
LONG,94902.0,94543.29481203151,"[np.float64(95380.27358395798), np.float64(95619.41037593698), np.float64(95858.54716791597), np.float64(96097.68395989496), np.float64(96336.82075187395)]",2025-04-29 07:15:00,8,1,4.0,239.13679197899276,2025-04-29 21:15:00,CLOSED
LONG,94989.8,94743.95337432231,"[np.float64(95317.59550090358), np.float64(95481.49325135538), np.float64(95645.39100180718), np.float64(95809.28875225896), np.float64(95973.18650271076)]",2025-04-30 09:30:00,16,0,-24.0,163.89775045179212,2025-04-30 12:30:00,CLOSED
LONG,94628.1,94157.89533213702,"[np.float64(95255.03955715065), np.float64(95568.50933572598), np.float64(95881.9791143013), np.float64(96195.44889287661), np.float64(96508.91867145193)]",2025-04-30 20:00:00,16,0,-24.0,313.46977857532147,2025-04-30 22:45:00,CLOSED
LONG,94528.9,94210.24866854968,"[np.float64(94953.76844193375), np.float64(95166.20266290063), np.float64(95378.6368838675), np.float64(95591.07110483438), np.float64(95803.50532580126)]",2025-05-01 01:00:00,0,5,47.0,212.43422096687715,2025-05-01 09:45:00,CLOSED
LONG,96830.5,96458.1789341959,"[np.float64(97326.92808773881), np.float64(97575.14213160821), np.float64(97823.3561754776), np.float64(98071.570219347), np.float64(98319.78426321641)]",2025-05-02 00:30:00,16,0,-24.0,248.21404386940176,2025-05-02 07:30:00,CLOSED
LONG,96910.5,96630.47317433996,"[np.float64(97283.86910088005), np.float64(97470.55365132008), np.float64(97657.23820176009), np.float64(97843.92275220012), np.float64(98030.60730264014)]",2025-05-02 10:30:00,1,4,39.5,186.68455044002408,2025-05-02 21:45:00,CLOSED
LONG,94708.2,94401.04725462226,"[np.float64(95117.73699383698), np.float64(95322.50549075547), np.float64(95527.27398767397), np.float64(95732.04248459247), np.float64(95936.81098151096)]",2025-05-05 05:45:00,16,0,-24.0,204.76849691849353,2025-05-05 10:00:00,CLOSED
LONG,94347.1,93961.11099753038,"[np.float64(94861.75200329283), np.float64(95119.07800493923), np.float64(95376.40400658565), np.float64(95633.73000823206), np.float64(95891.05600987848)]",2025-05-05 17:15:00,8,1,4.0,257.32600164641093,2025-05-05 20:30:00,CLOSED
LONG,94570.8,94207.16907239478,"[np.float64(95055.64123680697), np.float64(95298.06185521044), np.float64(95540.48247361393), np.float64(95782.90309201741), np.float64(96025.3237104209)]",2025-05-05 21:00:00,8,1,4.0,242.42061840348188,2025-05-06 02:00:00,CLOSED
LONG,94246.5,93874.16942941649,"[np.float64(94742.940760778), np.float64(94991.16114116702), np.float64(95239.38152155602), np.float64(95487.60190194502), np.float64(95735.82228233402)]",2025-05-06 14:30:00,0,5,47.0,248.2203803890037,2025-05-06 22:30:00,CLOSED
LONG,96644.1,96358.17750456277,"[np.float64(97025.32999391633), np.float64(97215.94499087449), np.float64(97406.55998783265), np.float64(97597.1749847908), np.float64(97787.78998174895)]",2025-05-07 07:00:00,2,3,33.0,190.61499695815883,2025-05-07 17:45:00,CLOSED
LONG,97122.5,96620.41189754503,"[np.float64(97791.9508032733), np.float64(98126.67620490996), np.float64(98461.40160654661), np.float64(98796.12700818326), np.float64(99130.85240981991)]",2025-05-07 21:15:00,0,5,47.0,334.72540163665275,2025-05-08 03:45:00,CLOSED
LONG,99639.1,99308.71898060516,"[np.float64(100079.6080258598), np.float64(100299.8620387897), np.float64(100520.11605171958), np.float64(100740.37006464948), np.float64(100960.62407757937)]",2025-05-08 14:30:00,0,5,47.0,220.2540129298947,2025-05-08 15:30:00,CLOSED
LONG,103243.5,102688.45634271843,"[np.float64(103983.55820970876), np.float64(104353.58731456313), np.float64(104723.61641941752), np.float64(105093.6455242719), np.float64(105463.67462912628)]",2025-05-09 10:30:00,16,0,-24.0,370.02910485438025,2025-05-09 11:15:00,CLOSED
LONG,103245.9,102734.18930424379,"[np.float64(103928.18092767494), np.float64(104269.3213915124), np.float64(104610.46185534989), np.float64(104951.60231918737), np.float64(105292.74278302483)]",2025-05-09 13:30:00,16,0,-24.0,341.14046383747336,2025-05-09 14:15:00,CLOSED
LONG,104404.8,103990.97713643993,"[np.float64(104956.5638180801), np.float64(105232.44572712015), np.float64(105508.3276361602), np.float64(105784.20954520025), np.float64(106060.0914542403)]",2025-05-12 00:15:00,8,1,4.0,275.8819090400493,2025-05-12 01:30:00,CLOSED
LONG,104331.0,103952.33912904684,"[np.float64(104835.88116127088), np.float64(105088.32174190631), np.float64(105340.76232254175), np.float64(105593.20290317718), np.float64(105845.64348381263)]",2025-05-12 06:30:00,1,4,39.5,252.44058063543775,2025-05-12 11:45:00,CLOSED
LONG,102644.3,102143.50190176563,"[np.float64(103312.03079764584), np.float64(103645.89619646876), np.float64(103979.76159529168), np.float64(104313.6269941146), np.float64(104647.4923929375)]",2025-05-13 05:00:00,0,5,47.0,333.8653988229186,2025-05-13 19:15:00,CLOSED
LONG,103004.7,102429.22021306968,"[np.float64(103772.00638257375), np.float64(104155.65957386063), np.float64(104539.3127651475), np.float64(104922.96595643437), np.float64(105306.61914772124)]",2025-05-15 15:30:00,0,5,47.0,383.65319128687446,2025-05-18 14:45:00,CLOSED
LONG,103485.2,102998.350064548,"[np.float64(104134.33324726934), np.float64(104458.89987090402), np.float64(104783.46649453869), np.float64(105108.03311817336), np.float64(105432.59974180804)]",2025-05-19 14:00:00,0,5,47.0,324.5666236346729,2025-05-19 16:45:00,CLOSED
LONG,106224.2,105719.0959016497,"[np.float64(106897.67213113372), np.float64(107234.40819670059), np.float64(107571.14426226745), np.float64(107907.88032783431), np.float64(108244.61639340117)]",2025-05-20 04:45:00,16,0,-24.0,336.73606556686264,2025-05-20 06:15:00,CLOSED
LONG,105366.5,104924.75521822383,"[np.float64(105955.49304236822), np.float64(106249.98956355234), np.float64(106544.48608473645), np.float64(106838.98260592057), np.float64(107133.47912710467)]",2025-05-20 15:45:00,0,5,47.0,294.4965211841122,2025-05-20 19:45:00,CLOSED
LONG,107168.6,106747.45369685676,"[np.float64(107730.12840419101), np.float64(108010.8926062865), np.float64(108291.65680838202), np.float64(108572.42101047751), np.float64(108853.18521257302)]",2025-05-21 13:30:00,0,5,47.0,280.76420209550156,2025-05-21 14:45:00,CLOSED
LONG,108664.0,107597.67720716717,"[np.float64(110085.7637237771), np.float64(110796.64558566564), np.float64(111507.52744755418), np.float64(112218.40930944274), np.float64(112929.29117133128)]",2025-05-21 19:45:00,2,3,33.0,710.8818618885468,2025-05-23 12:15:00,CLOSED
LONG,109989.4,109608.35004977479,"[np.float64(110497.46660030026), np.float64(110751.4999004504), np.float64(111005.53320060055), np.float64(111259.56650075069), np.float64(111513.59980090082)]",2025-05-26 15:30:00,16,0,-24.0,254.0333001501383,2025-05-26 16:15:00,CLOSED
LONG,109687.7,109232.53030959943,"[np.float64(110294.59292053408), np.float64(110598.03938080111), np.float64(110901.48584106816), np.float64(111204.9323013352), np.float64(111508.37876160225)]",2025-05-26 22:00:00,16,0,-24.0,303.44646026704095,2025-05-26 22:45:00,CLOSED
LONG,110036.7,109406.31556417084,"[np.float64(110877.21258110553), np.float64(111297.4688716583), np.float64(111717.72516221108), np.float64(112137.98145276385), np.float64(112558.23774331661)]",2025-05-27 15:30:00,16,0,-24.0,420.2562905527696,2025-05-27 21:15:00,CLOSED
LONG,109118.5,108756.89891132785,"[np.float64(109600.63478489619), np.float64(109841.70217734428), np.float64(110082.76956979238), np.float64(110323.83696224047), np.float64(110564.90435468857)]",2025-05-28 08:30:00,16,0,-24.0,241.06739244809526,2025-05-28 09:15:00,CLOSED
LONG,109047.2,108712.5579671311,"[np.float64(109493.38937715853), np.float64(109716.48406573778), np.float64(109939.57875431704), np.float64(110162.67344289631), np.float64(110385.76813147558)]",2025-05-28 12:15:00,16,0,-24.0,223.0946885792622,2025-05-28 13:15:00,CLOSED
LONG,107886.4,107472.59432320029,"[np.float64(108438.1409023996), np.float64(108714.0113535994), np.float64(108989.88180479921), np.float64(109265.752255999), np.float64(109541.62270719881)]",2025-05-28 23:00:00,16,0,-24.0,275.87045119980235,2025-05-29 00:00:00,CLOSED
LONG,108023.7,107655.00283281629,"[np.float64(108515.2962229116), np.float64(108761.0943343674), np.float64(109006.8924458232), np.float64(109252.690557279), np.float64(109498.4886687348)]",2025-05-29 07:00:00,4,2,22.0,245.79811145580146,2025-05-29 13:30:00,CLOSED
LONG,105940.3,105458.30855142583,"[np.float64(106582.95526476558), np.float64(106904.28289714837), np.float64(107225.61052953114), np.float64(107546.93816191393), np.float64(107868.26579429672)]",2025-05-30 10:45:00,16,0,-24.0,321.32763238278625,2025-05-30 12:00:00,CLOSED
LONG,105327.6,105033.95613897766,"[np.float64(105719.1251480298), np.float64(105914.88772204467), np.float64(106110.65029605957), np.float64(106306.41287007446), np.float64(106502.17544408936)]",2025-06-02 07:00:00,4,2,22.0,195.76257401489133,2025-06-02 09:00:00,CLOSED
LONG,105708.5,105474.99249813189,"[np.float64(106019.84333582415), np.float64(106175.51500373623), np.float64(106331.1866716483), np.float64(106486.85833956038), np.float64(106642.53000747245)]",2025-06-04 09:30:00,8,1,4.0,155.67166791207546,2025-06-04 11:15:00,CLOSED
LONG,105109.5,104824.76105389177,"[np.float64(105489.15192814432), np.float64(105678.97789221647), np.float64(105868.80385628864), np.float64(106058.62982036079), np.float64(106248.45578443294)]",2025-06-05 01:00:00,16,0,-24.0,189.82596407215763,2025-06-05 01:45:00,CLOSED
LONG,104923.8,104706.76254873138,"[np.float64(105213.18326835816), np.float64(105357.87490253724), np.float64(105502.56653671632), np.float64(105647.2581708954), np.float64(105791.94980507447)]",2025-06-05 09:45:00,16,0,-24.0,144.69163417907885,2025-06-05 10:30:00,CLOSED
LONG,105762.5,105557.04172624902,"[np.float64(106036.4443650013), np.float64(106173.41654750195), np.float64(106310.38873000261), np.float64(106447.36091250327), np.float64(106584.33309500391)]",2025-06-09 08:30:00,0,5,47.0,136.97218250065268,2025-06-09 09:30:00,CLOSED
LONG,109759.9,109444.80024489686,"[np.float64(110180.03300680418), np.float64(110390.09951020626), np.float64(110600.16601360835), np.float64(110810.23251701045), np.float64(111020.29902041254)]",2025-06-10 11:15:00,16,0,-24.0,210.0665034020896,2025-06-10 12:00:00,CLOSED
LONG,109502.2,109042.91642071886,"[np.float64(110114.57810570818), np.float64(110420.76715856227), np.float64(110726.95621141636), np.float64(111033.14526427045), np.float64(111339.33431712454)]",2025-06-10 19:00:00,8,1,4.0,306.1890528540901,2025-06-11 12:15:00,CLOSED
LONG,109704.7,109394.78813536094,"[np.float64(110117.91581951873), np.float64(110324.52372927811), np.float64(110531.13163903749), np.float64(110737.73954879686), np.float64(110944.34745855622)]",2025-06-11 12:45:00,16,0,-24.0,206.60790975937186,2025-06-11 13:30:00,CLOSED
LONG,107621.2,107231.01533583946,"[np.float64(108141.44621888072), np.float64(108401.56932832107), np.float64(108661.69243776143), np.float64(108921.8155472018), np.float64(109181.93865664216)]",2025-06-12 14:45:00,16,0,-24.0,260.12310944036005,2025-06-12 15:15:00,CLOSED
LONG,107728.1,107226.87691520673,"[np.float64(108396.39744639106), np.float64(108730.54616958658), np.float64(109064.69489278209), np.float64(109398.84361597762), np.float64(109732.99233917314)]",2025-06-12 16:15:00,8,1,4.0,334.1487231955233,2025-06-12 19:45:00,CLOSED
LONG,104792.6,104168.2816055286,"[np.float64(105625.02452596188), np.float64(106041.23678894281), np.float64(106457.44905192376), np.float64(106873.66131490469), np.float64(107289.87357788564)]",2025-06-13 07:15:00,16,0,-24.0,416.21226298093796,2025-06-13 14:30:00,CLOSED
LONG,105516.1,104913.3072334256,"[np.float64(106319.82368876589), np.float64(106721.68553314882), np.float64(107123.54737753175), np.float64(107525.4092219147), np.float64(107927.27106629763)]",2025-06-13 15:00:00,16,0,-24.0,401.86184438293753,2025-06-13 18:15:00,CLOSED
LONG,107162.7,106851.92954564464,"[np.float64(107577.06060580714), np.float64(107784.24090871072), np.float64(107991.4212116143), np.float64(108198.60151451787), np.float64(108405.78181742145)]",2025-06-16 13:45:00,16,0,-24.0,207.1803029035751,2025-06-16 14:00:00,CLOSED
SHORT,104371.5,104939.32239904223,"[np.float64(103614.40346794369), np.float64(103235.85520191553), np.float64(102857.30693588739), np.float64(102478.75866985923), np.float64(102100.21040383108)]",2025-06-17 20:45:00,16,0,-24.0,378.5482660281537,2025-06-18 01:00:00,CLOSED
LONG,105178.7,104683.23011871213,"[np.float64(105839.32650838382), np.float64(106169.63976257572), np.float64(106499.95301676763), np.float64(106830.26627095955), np.float64(107160.57952515145)]",2025-06-18 14:15:00,16,0,-24.0,330.3132541919093,2025-06-18 14:45:00,CLOSED
SHORT,104398.4,104932.96065550734,"[np.float64(103685.65245932352), np.float64(103329.2786889853), np.float64(102972.90491864707), np.float64(102616.53114830883), np.float64(102260.1573779706)]",2025-06-18 16:15:00,8,1,4.0,356.373770338233,2025-06-18 20:45:00,CLOSED
LONG,104987.0,104535.03341463911,"[np.float64(105589.62211381452), np.float64(105890.93317072178), np.float64(106192.24422762904), np.float64(106493.5552845363), np.float64(106794.86634144356)]",2025-06-19 02:30:00,16,0,-24.0,301.31105690725946,2025-06-19 13:30:00,CLOSED
SHORT,101381.1,101710.99928458652,"[np.float64(100941.23428721799), np.float64(100721.30143082698), np.float64(100501.36857443595), np.float64(100281.43571804494), np.float64(100061.50286165393)]",2025-06-23 10:15:00,16,0,-24.0,219.9328563910117,2025-06-23 13:30:00,CLOSED
SHORT,101107.1,101681.29329502326,"[np.float64(100341.50893996899), np.float64(99958.71340995347), np.float64(99575.91787993797), np.float64(99193.12234992246), np.float64(98810.32681990694)]",2025-06-23 16:00:00,4,2,22.0,382.7955300155093,2025-06-23 17:15:00,CLOSED
LONG,105451.3,104948.85468560725,"[np.float64(106121.22708585701), np.float64(106456.19062878552), np.float64(106791.15417171404), np.float64(107126.11771464253), np.float64(107461.08125757104)]",2025-06-24 09:15:00,16,0,-24.0,334.9635429285066,2025-06-24 13:30:00,CLOSED
LONG,105430.5,104971.81231146837,"[np.float64(106042.08358470883), np.float64(106347.87537706326), np.float64(106653.66716941768), np.float64(106959.45896177209), np.float64(107265.25075412651)]",2025-06-24 14:15:00,0,5,47.0,305.7917923544182,2025-06-25 12:45:00,CLOSED
LONG,107679.2,107319.25008321286,"[np.float64(108159.13322238286), np.float64(108399.09983357429), np.float64(108639.06644476572), np.float64(108879.03305595714), np.float64(109118.99966714859)]",2025-06-26 01:45:00,8,1,4.0,239.96661119143087,2025-06-26 10:00:00,CLOSED
LONG,107583.2,107176.74314295476,"[np.float64(108125.14247606033), np.float64(108396.11371409048), np.float64(108667.08495212064), np.float64(108938.0561901508), np.float64(109209.02742818097)]",2025-06-26 18:00:00,16,0,-24.0,270.9712380301615,2025-06-26 21:30:00,CLOSED
LONG,107364.2,106964.9813816172,"[np.float64(107896.49149117706), np.float64(108162.63723676559), np.float64(108428.78298235413), np.float64(108694.92872794266), np.float64(108961.07447353119)]",2025-06-27 15:45:00,16,0,-24.0,266.145745588532,2025-06-27 17:30:00,CLOSED
LONG,107153.9,106793.02270830251,"[np.float64(107635.0697222633), np.float64(107875.65458339495), np.float64(108116.23944452661), np.float64(108356.82430565826), np.float64(108597.40916678992)]",2025-06-27 20:30:00,0,5,47.0,240.58486113165344,2025-06-30 00:15:00,CLOSED
LONG,107754.9,107404.94120098301,"[np.float64(108221.51173202264), np.float64(108454.81759803396), np.float64(108688.12346404529), np.float64(108921.4293300566), np.float64(109154.73519606794)]",2025-06-30 19:45:00,16,0,-24.0,233.3058660113231,2025-06-30 21:15:00,CLOSED
LONG,107154.2,106824.399318563,"[np.float64(107593.93424191601), np.float64(107813.80136287402), np.float64(108033.66848383202), np.float64(108253.53560479003), np.float64(108473.40272574803)]",2025-07-01 14:00:00,16,0,-24.0,219.8671209580059,2025-07-01 14:15:00,CLOSED
LONG,105895.4,105590.67953455378,"[np.float64(106301.69395392828), np.float64(106504.84093089243), np.float64(106707.98790785657), np.float64(106911.13488482071), np.float64(107114.28186178485)]",2025-07-02 02:45:00,0,5,47.0,203.14697696414422,2025-07-02 07:30:00,CLOSED
LONG,109132.6,108849.726951515,"[np.float64(109509.76406464669), np.float64(109698.34609697002), np.float64(109886.92812929336), np.float64(110075.51016161671), np.float64(110264.09219394004)]",2025-07-03 05:15:00,1,4,39.5,188.58203232333955,2025-07-03 12:30:00,CLOSED
LONG,110124.9,109685.38102605159,"[np.float64(110710.92529859787), np.float64(111003.93794789679), np.float64(111296.95059719573), np.float64(111589.96324649466), np.float64(111882.9758957936)]",2025-07-03 13:30:00,16,0,-24.0,293.0126492989331,2025-07-03 14:30:00,CLOSED
LONG,109461.8,109124.56751970763,"[np.float64(109911.4433070565), np.float64(110136.26496058475), np.float64(110361.08661411301), np.float64(110585.90826764125), np.float64(110810.7299211695)]",2025-07-07 02:00:00,16,0,-24.0,224.82165352825032,2025-07-07 04:45:00,CLOSED
LONG,108887.9,108486.52051023318,"[np.float64(109423.0726530224), np.float64(109690.6589795336), np.float64(109958.24530604482), np.float64(110225.83163255602), np.float64(110493.41795906721)]",2025-07-08 17:15:00,16,0,-24.0,267.586326511204,2025-07-09 03:00:00,CLOSED
LONG,111191.9,110944.19383773669,"[np.float64(111522.17488301774), np.float64(111687.31232452662), np.float64(111852.44976603548), np.float64(112017.58720754436), np.float64(112182.72464905323)]",2025-07-10 06:00:00,16,0,-24.0,165.13744150887246,2025-07-10 10:30:00,CLOSED
LONG,111290.4,110917.56627956354,"[np.float64(111787.51162724859), np.float64(112036.0674408729), np.float64(112284.62325449719), np.float64(112533.17906812149), np.float64(112781.73488174578)]",2025-07-10 14:45:00,0,5,47.0,248.5558136242992,2025-07-10 16:30:00,CLOSED
LONG,119184.8,118758.0441562437,"[np.float64(119753.80779167506), np.float64(120038.3116875126), np.float64(120322.81558335014), np.float64(120607.31947918766), np.float64(120891.8233750252)]",2025-07-14 00:00:00,0,5,47.0,284.50389583753264,2025-07-14 03:30:00,CLOSED
LONG,118008.9,117339.95770625785,"[np.float64(118900.82305832286), np.float64(119346.78458748429), np.float64(119792.74611664572), np.float64(120238.70764580717), np.float64(120684.6691749686)]",2025-07-15 13:00:00,16,0,-24.0,445.96152916143353,2025-07-15 14:30:00,CLOSED
LONG,117472.0,116790.81106153518,"[np.float64(118380.2519179531), np.float64(118834.37787692965), np.float64(119288.50383590619), np.float64(119742.62979488274), np.float64(120196.75575385928)]",2025-07-15 21:30:00,0,5,47.0,454.1259589765475,2025-07-17 21:15:00,CLOSED
LONG,117899.5,117340.15507389657,"[np.float64(118645.29323480457), np.float64(119018.18985220685), np.float64(119391.08646960914), np.float64(119763.98308701142), np.float64(120136.87970441372)]",2025-07-21 02:30:00,2,3,33.0,372.8966174022855,2025-07-21 18:45:00,CLOSED
LONG,117795.2,117230.56363296561,"[np.float64(118548.04848937917), np.float64(118924.47273406875), np.float64(119300.89697875835), np.float64(119677.32122344793), np.float64(120053.74546813752)]",2025-07-22 01:45:00,16,0,-24.0,376.4242446895869,2025-07-22 02:45:00,CLOSED
LONG,117567.2,116997.84989862463,"[np.float64(118326.33346850048), np.float64(118705.90020275072), np.float64(119085.46693700097), np.float64(119465.03367125122), np.float64(119844.60040550146)]",2025-07-22 06:00:00,0,5,47.0,379.56673425024377,2025-07-22 18:45:00,CLOSED
LONG,118630.2,118121.12114716411,"[np.float64(119308.97180378117), np.float64(119648.35770567175), np.float64(119987.74360756234), np.float64(120327.12950945292), np.float64(120666.51541134351)]",2025-07-23 15:45:00,16,0,-24.0,339.3859018905856,2025-07-23 16:00:00,CLOSED
LONG,118622.5,118080.78275457477,"[np.float64(119344.78966056697), np.float64(119705.93449085044), np.float64(120067.07932113393), np.float64(120428.22415141741), np.float64(120789.3689817009)]",2025-07-23 22:15:00,16,0,-24.0,361.1448302834825,2025-07-24 04:30:00,CLOSED
LONG,118767.3,118238.8948855091,"[np.float64(119471.84015265453), np.float64(119824.1102289818), np.float64(120176.38030530907), np.float64(120528.65038163633), np.float64(120880.92045796358)]",2025-07-24 08:00:00,16,0,-24.0,352.27007632726435,2025-07-24 10:15:00,CLOSED
LONG,119104.9,118603.77965099434,"[np.float64(119773.06046534087), np.float64(120107.1406980113), np.float64(120441.22093068174), np.float64(120775.30116335217), np.float64(121109.3813960226)]",2025-07-24 14:45:00,16,0,-24.0,334.0802326704344,2025-07-24 16:30:00,CLOSED
LONG,116216.8,115557.24428170439,"[np.float64(117096.20762439414), np.float64(117535.91143659121), np.float64(117975.61524878828), np.float64(118415.31906098535), np.float64(118855.02287318242)]",2025-07-25 10:00:00,16,0,-24.0,439.7038121970701,2025-07-25 13:30:00,CLOSED
LONG,116296.2,115668.49704801125,"[np.float64(117133.13726931832), np.float64(117551.60590397748), np.float64(117970.07453863666), np.float64(118388.54317329582), np.float64(118807.01180795499)]",2025-07-25 17:00:00,0,5,47.0,418.4686346591644,2025-07-27 16:00:00,CLOSED
LONG,119491.7,119113.63371384179,"[np.float64(119995.78838154428), np.float64(120247.83257231642), np.float64(120499.87676308856), np.float64(120751.9209538607), np.float64(121003.96514463282)]",2025-07-28 02:15:00,16,0,-24.0,252.04419077213845,2025-07-28 07:00:00,CLOSED
LONG,118313.1,117831.91069189507,"[np.float64(118954.68574413992), np.float64(119275.47861620988), np.float64(119596.27148827983), np.float64(119917.06436034979), np.float64(120237.85723241974)]",2025-07-28 21:30:00,16,0,-24.0,320.7928720699569,2025-07-28 22:30:00,CLOSED
LONG,118386.3,117930.80158933,"[np.float64(118993.63121422667), np.float64(119297.29682134), np.float64(119600.96242845333), np.float64(119904.62803556665), np.float64(120208.29364267999)]",2025-07-29 03:00:00,8,1,4.0,303.66560711333125,2025-07-29 14:45:00,CLOSED
LONG,118690.3,118199.80469483409,"[np.float64(119344.29374022123), np.float64(119671.29061033184), np.float64(119998.28748044244), np.float64(120325.28435055305), np.float64(120652.28122066366)]",2025-07-30 14:45:00,16,0,-24.0,326.99687011060945,2025-07-30 15:15:00,CLOSED
LONG,118589.4,118188.94982029534,"[np.float64(119123.33357293955), np.float64(119390.30035940932), np.float64(119657.26714587909), np.float64(119924.23393234886), np.float64(120191.20071881864)]",2025-07-31 16:30:00,16,0,-24.0,266.9667864697735,2025-07-31 17:00:00,CLOSED
LONG,115438.8,114981.6360413649,"[np.float64(116048.3519448468), np.float64(116353.1279172702), np.float64(116657.90388969361), np.float64(116962.67986211702), np.float64(117267.45583454041)]",2025-08-01 12:00:00,16,0,-24.0,304.77597242340124,2025-08-01 13:30:00,CLOSED
SHORT,114290.8,114883.59940632514,"[np.float64(113500.4007915665), np.float64(113105.20118734974), np.float64(112710.00158313298), np.float64(112314.80197891622), np.float64(111919.60237469948)]",2025-08-01 13:45:00,16,0,-24.0,395.1996042167554,2025-08-01 14:00:00,CLOSED
LONG,115699.7,114966.46148128087,"[np.float64(116677.35135829216), np.float64(117166.17703743823), np.float64(117655.00271658432), np.float64(118143.8283957304), np.float64(118632.65407487648)]",2025-08-01 14:15:00,16,0,-24.0,488.82567914607995,2025-08-01 15:15:00,CLOSED
SHORT,114520.8,115257.49998456056,"[np.float64(113538.53335391925), np.float64(113047.40003087888), np.float64(112556.26670783851), np.float64(112065.13338479813), np.float64(111574.00006175776)]",2025-08-01 17:00:00,1,4,39.5,491.13332304037385,2025-08-04 14:00:00,CLOSED
SHORT,114742.3,115132.12893236273,"[np.float64(114222.52809018304), np.float64(113962.64213527455), np.float64(113702.75618036606), np.float64(113442.87022545758), np.float64(113182.9842705491)]",2025-08-04 19:45:00,16,0,-24.0,259.8859549084839,2025-08-04 21:15:00,CLOSED
LONG,115231.3,114843.49799999529,"[np.float64(115748.36933333961), np.float64(116006.90400000942), np.float64(116265.43866667923), np.float64(116523.97333334903), np.float64(116782.50800001883)]",2025-08-04 21:30:00,16,0,-24.0,258.5346666698059,2025-08-05 00:15:00,CLOSED
SHORT,113856.9,114285.1126505994,"[np.float64(113285.94979920078), np.float64(113000.47469880116), np.float64(112714.99959840155), np.float64(112429.52449800195), np.float64(112144.04939760234)]",2025-08-05 12:30:00,16,0,-24.0,285.475100399609,2025-08-05 13:30:00,CLOSED
SHORT,113611.2,113952.59069596944,"[np.float64(113156.01240537407), np.float64(112928.41860806111), np.float64(112700.82481074815), np.float64(112473.23101343519), np.float64(112245.63721612222)]",2025-08-06 02:00:00,16,0,-24.0,227.59379731296252,2025-08-06 05:15:00,CLOSED
SHORT,113865.4,114202.4474392507,"[np.float64(113416.0034143324), np.float64(113191.3051214986), np.float64(112966.60682866481), np.float64(112741.90853583101), np.float64(112517.21024299721)]",2025-08-06 13:00:00,16,0,-24.0,224.6982928337972,2025-08-06 13:45:00,CLOSED
LONG,114843.0,114619.39039040984,"[np.float64(115141.14614612021), np.float64(115290.2192191803), np.float64(115439.29229224041), np.float64(115588.36536530052), np.float64(115737.43843836062)]",2025-08-07 07:15:00,0,5,47.0,149.0730730601033,2025-08-07 10:15:00,CLOSED
LONG,116911.5,116660.31597559631,"[np.float64(117246.41203253825), np.float64(117413.86804880737), np.float64(117581.3240650765), np.float64(117748.78008134563), np.float64(117916.23609761475)]",2025-08-08 11:45:00,16,0,-24.0,167.4560162691244,2025-08-08 12:00:00,CLOSED
LONG,116859.1,116574.17202564463,"[np.float64(117239.00396580718), np.float64(117428.95594871078), np.float64(117618.90793161436), np.float64(117808.85991451795), np.float64(117998.81189742153)]",2025-08-08 13:30:00,8,1,4.0,189.95198290358877,2025-08-08 14:30:00,CLOSED
LONG,116755.0,116379.94127800273,"[np.float64(117255.07829599635), np.float64(117505.11744399453), np.float64(117755.15659199272), np.float64(118005.1957399909), np.float64(118255.23488798908)]",2025-08-08 18:00:00,16,0,-24.0,250.03914799817957,2025-08-08 18:30:00,CLOSED
LONG,119119.7,118781.43174438651,"[np.float64(119570.72434081796), np.float64(119796.23651122695), np.float64(120021.74868163593), np.float64(120247.26085204491), np.float64(120472.7730224539)]",2025-08-12 07:15:00,16,0,-24.0,225.51217040898425,2025-08-12 08:30:00,CLOSED
LONG,119251.9,118828.5079304074,"[np.float64(119816.42275945678), np.float64(120098.68413918518), np.float64(120380.94551891358), np.float64(120663.20689864198), np.float64(120945.46827837036)]",2025-08-12 12:45:00,16,0,-24.0,282.2613797283952,2025-08-12 13:00:00,CLOSED
LONG,119772.8,119391.09157348689,"[np.float64(120281.74456868414), np.float64(120536.21685302621), np.float64(120790.68913736829), np.float64(121045.16142171036), np.float64(121299.63370605242)]",2025-08-13 08:00:00,0,5,47.0,254.4722843420712,2025-08-13 13:45:00,CLOSED
LONG,117774.4,117414.71409956702,"[np.float64(118253.9812005773), np.float64(118493.77180086594), np.float64(118733.5624011546), np.float64(118973.35300144325), np.float64(119213.1436017319)]",2025-08-15 22:45:00,16,0,-24.0,239.79060028865192,2025-08-15 23:00:00,CLOSED
SHORT,114798.3,115240.8276268525,"[np.float64(114208.26316419669), np.float64(113913.24474629502), np.float64(113618.22632839337), np.float64(113323.2079104917), np.float64(113028.18949259004)]",2025-08-19 14:00:00,0,5,47.0,295.01841790165906,2025-08-19 18:30:00,CLOSED
SHORT,113444.6,113733.09965374891,"[np.float64(113059.93379500147), np.float64(112867.6006925022), np.float64(112675.26759000293), np.float64(112482.93448750366), np.float64(112290.6013850044)]",2025-08-20 11:15:00,8,1,4.0,192.33310249926853,2025-08-20 12:00:00,CLOSED
SHORT,113315.3,113688.21045179428,"[np.float64(112818.0860642743), np.float64(112569.47909641147), np.float64(112320.87212854862), np.float64(112072.26516068577), np.float64(111823.65819282293)]",2025-08-20 13:00:00,4,2,22.0,248.60696786284592,2025-08-20 14:30:00,CLOSED
SHORT,113154.5,113646.58223247355,"[np.float64(112498.39035670193), np.float64(112170.3355350529), np.float64(111842.28071340387), np.float64(111514.22589175483), np.float64(111186.1710701058)]",2025-08-21 14:30:00,2,3,33.0,328.0548216490332,2025-08-22 14:00:00,CLOSED
SHORT,112873.4,113434.71767094731,"[np.float64(112124.9764387369), np.float64(111750.76465810536), np.float64(111376.55287747382), np.float64(111002.34109684227), np.float64(110628.12931621072)]",2025-08-25 03:45:00,0,5,47.0,374.21178063154497,2025-08-25 13:45:00,CLOSED
SHORT,111135.6,111737.22454500655,"[np.float64(110333.43393999127), np.float64(109932.3509099869), np.float64(109531.26787998254), np.float64(109130.18484997816), np.float64(108729.1018199738)]",2025-08-25 19:30:00,0,5,47.0,401.0830300043674,2025-08-26 01:00:00,CLOSED
SHORT,109846.0,110225.012886554,"[np.float64(109340.64948459467), np.float64(109087.97422689201), np.float64(108835.29896918933), np.float64(108582.62371148667), np.float64(108329.948453784)]",2025-08-26 11:15:00,16,0,-24.0,252.67525770266587,2025-08-26 12:30:00,CLOSED
SHORT,109574.3,110201.48198600089,"[np.float64(108738.05735199884), np.float64(108319.93602799825), np.float64(107901.81470399766), np.float64(107483.69337999707), np.float64(107065.5720559965)]",2025-08-26 15:30:00,16,0,-24.0,418.1213240005851,2025-08-26 18:15:00,CLOSED
SHORT,111651.5,112271.02455491324,"[np.float64(110825.46726011569), np.float64(110412.45089017354), np.float64(109999.43452023137), np.float64(109586.41815028922), np.float64(109173.40178034706)]",2025-08-27 21:30:00,16,0,-24.0,413.016369942156,2025-08-28 04:15:00,CLOSED
SHORT,112621.7,113028.35395077753,"[np.float64(112079.49473229663), np.float64(111808.39209844495), np.float64(111537.28946459325), np.float64(111266.18683074157), np.float64(110995.08419688989)]",2025-08-28 14:15:00,16,0,-24.0,271.1026338516846,2025-08-28 14:30:00,CLOSED
SHORT,112557.0,113057.47733205323,"[np.float64(111889.69689059569), np.float64(111556.04533589353), np.float64(111222.39378119138), np.float64(110888.74222648922), np.float64(110555.09067178707)]",2025-08-28 15:15:00,16,0,-24.0,333.6515547021547,2025-08-28 16:15:00,CLOSED
SHORT,111911.1,112265.45731523886,"[np.float64(111438.62357968153), np.float64(111202.3853695223), np.float64(110966.14715936307), np.float64(110729.90894920383), np.float64(110493.6707390446)]",2025-08-29 01:00:00,0,5,47.0,236.23821015923548,2025-08-29 07:15:00,CLOSED
SHORT,109716.1,110238.97757576065,"[np.float64(109018.9298989858), np.float64(108670.34484847871), np.float64(108321.75979797162), np.float64(107973.17474746452), np.float64(107624.58969695742)]",2025-08-29 13:30:00,0,5,47.0,348.5850505070972,2025-08-29 20:45:00,CLOSED
SHORT,108671.7,109162.49006698599,"[np.float64(108017.31324401866), np.float64(107690.11986602799), np.float64(107362.92648803732), np.float64(107035.73311004665), np.float64(106708.53973205599)]",2025-09-01 15:30:00,16,0,-24.0,327.19337799066784,2025-09-01 18:15:00,CLOSED
SHORT,108458.1,108836.71884188682,"[np.float64(107953.27487748426), np.float64(107700.86231622638), np.float64(107448.44975496852), np.float64(107196.03719371064), np.float64(106943.62463245277)]",2025-09-01 20:30:00,16,0,-24.0,252.41256125787277,2025-09-01 20:45:00,CLOSED
SHORT,109887.4,110262.62880090452,"[np.float64(109387.0949321273), np.float64(109136.94239819095), np.float64(108886.78986425459), np.float64(108636.63733031825), np.float64(108386.48479638189)]",2025-09-02 11:15:00,0,5,47.0,250.1525339363505,2025-09-02 12:45:00,CLOSED
SHORT,110939.7,111322.90657669413,"[np.float64(110428.75789774115), np.float64(110173.28684661172), np.float64(109917.8157954823), np.float64(109662.34474435287), np.float64(109406.87369322345)]",2025-09-03 03:30:00,16,0,-24.0,255.4710511294259,2025-09-03 10:00:00,CLOSED
SHORT,110653.8,110957.88182089628,"[np.float64(110248.3575721383), np.float64(110045.63635820744), np.float64(109842.9151442766), np.float64(109640.19393034575), np.float64(109437.4727164149)]",2025-09-04 10:45:00,16,0,-24.0,202.7212139308516,2025-09-04 11:00:00,CLOSED
SHORT,110998.8,111693.05440443724,"[np.float64(110073.12746075036), np.float64(109610.29119112554), np.float64(109147.45492150071), np.float64(108684.61865187589), np.float64(108221.78238225107)]",2025-09-05 14:15:00,8,1,4.0,462.83626962482276,2025-09-08 08:30:00,CLOSED
SHORT,112427.8,112719.57935848318,"[np.float64(112038.76085535577), np.float64(111844.24128303364), np.float64(111649.72171071153), np.float64(111455.2021383894), np.float64(111260.68256606729)]",2025-09-09 11:45:00,16,0,-24.0,194.51957232211865,2025-09-09 12:00:00,CLOSED
LONG,112815.3,112495.2676773654,"[np.float64(113242.0097635128), np.float64(113455.3646452692), np.float64(113668.7195270256), np.float64(113882.074408782), np.float64(114095.4292905384)]",2025-09-09 13:15:00,16,0,-24.0,213.35488175640103,2025-09-09 14:00:00,CLOSED
SHORT,111237.0,111526.69802528703,"[np.float64(110850.73596628397), np.float64(110657.60394942596), np.float64(110464.47193256795), np.float64(110271.33991570992), np.float64(110078.2078988519)]",2025-09-10 00:30:00,16,0,-24.0,193.13201685801494,2025-09-10 02:45:00,CLOSED
LONG,113759.7,113339.11814830973,"[np.float64(114320.47580225368), np.float64(114600.86370338053), np.float64(114881.25160450737), np.float64(115161.63950563422), np.float64(115442.02740676104)]",2025-09-10 20:15:00,0,5,47.0,280.3879011268422,2025-09-11 23:45:00,CLOSED
LONG,115256.9,114932.31936539897,"[np.float64(115689.67417946803), np.float64(115906.06126920204), np.float64(116122.44835893606), np.float64(116338.83544867007), np.float64(116555.2225384041)]",2025-09-12 14:15:00,16,0,-24.0,216.3870897340157,2025-09-12 14:30:00,CLOSED
LONG,115298.9,114921.25419771647,"[np.float64(115802.42773637804), np.float64(116054.19160456707), np.float64(116305.95547275609), np.float64(116557.71934094511), np.float64(116809.48320913414)]",2025-09-12 14:45:00,0,5,47.0,251.76386818902375,2025-09-12 19:45:00,CLOSED
LONG,115121.8,114671.9265585361,"[np.float64(115721.6312552852), np.float64(116021.54688292781), np.float64(116321.4625105704), np.float64(116621.37813821301), np.float64(116921.2937658556)]",2025-09-15 17:45:00,0,5,47.0,299.91562764260055,2025-09-16 20:00:00,CLOSED
LONG,117142.9,116834.66050423119,"[np.float64(117553.88599435841), np.float64(117759.37899153761), np.float64(117964.87198871681), np.float64(118170.36498589601), np.float64(118375.85798307523)]",2025-09-17 05:45:00,16,0,-24.0,205.49299717920442,2025-09-17 08:30:00,CLOSED
SHORT,112721.4,113167.91396437956,"[np.float64(112126.04804749391), np.float64(111828.37207124087), np.float64(111530.69609498783), np.float64(111233.02011873478), np.float64(110935.34414248174)]",2025-09-22 15:30:00,4,2,22.0,297.67597625304256,2025-09-23 08:00:00,CLOSED
SHORT,111779.5,112133.5314732889,"[np.float64(111307.4580356148), np.float64(111071.43705342221), np.float64(110835.41607122961), np.float64(110599.395089037), np.float64(110363.3741068444)]",2025-09-24 03:15:00,8,1,4.0,236.02098219259796,2025-09-24 04:30:00,CLOSED
SHORT,109143.4,109516.93281363658,"[np.float64(108645.35624848455), np.float64(108396.33437272684), np.float64(108147.31249696911), np.float64(107898.29062121139), np.float64(107649.26874545366)]",2025-09-26 10:15:00,16,0,-24.0,249.0218757577215,2025-09-26 12:30:00,CLOSED
SHORT,108947.4,109476.8941035013,"[np.float64(108241.40786199826), np.float64(107888.41179299739), np.float64(107535.41572399653), np.float64(107182.41965499565), np.float64(106829.4235859948)]",2025-09-26 14:30:00,16,0,-24.0,352.9960690008674,2025-09-26 16:15:00,CLOSED
SHORT,109205.6,109683.8009842877,"[np.float64(108567.9986876164), np.float64(108249.1980314246), np.float64(107930.3973752328), np.float64(107611.59671904102), np.float64(107292.79606284921)]",2025-09-26 19:45:00,16,0,-24.0,318.8006561917993,2025-09-26 23:30:00,CLOSED
LONG,113612.4,113183.154521527,"[np.float64(114184.72730463065), np.float64(114470.89095694598), np.float64(114757.05460926131), np.float64(115043.21826157664), np.float64(115329.38191389196)]",2025-09-30 14:45:00,16,0,-24.0,286.1636523153286,2025-09-30 15:00:00,CLOSED
SHORT,113056.4,113515.97824419354,"[np.float64(112443.62900774193), np.float64(112137.24351161289), np.float64(111830.85801548386), np.float64(111524.47251935482), np.float64(111218.0870232258)]",2025-09-30 15:15:00,16,0,-24.0,306.3854961290332,2025-09-30 18:15:00,CLOSED
LONG,120375.7,120034.53023710017,"[np.float64(120830.59301719976), np.float64(121058.03952579964), np.float64(121285.48603439952), np.float64(121512.9325429994), np.float64(121740.37905159929)]",2025-10-03 09:15:00,16,0,-24.0,227.44650859988084,2025-10-03 14:15:00,CLOSED
LONG,123874.4,123458.96794149531,"[np.float64(124428.30941133958), np.float64(124705.26411700937), np.float64(124982.21882267916), np.float64(125259.17352834895), np.float64(125536.12823401875)]",2025-10-06 06:15:00,16,0,-24.0,276.9547056697919,2025-10-06 07:30:00,CLOSED
LONG,124348.8,123981.01563779784,"[np.float64(124839.17914960289), np.float64(125084.36872440432), np.float64(125329.55829920578), np.float64(125574.74787400721), np.float64(125819.93744880866)]",2025-10-07 10:15:00,4,2,22.0,245.18957480144226,2025-10-07 13:30:00,CLOSED
LONG,121942.8,121477.55221690281,"[np.float64(122563.13037746292), np.float64(122873.29556619437), np.float64(123183.46075492584), np.float64(123493.62594365729), np.float64(123803.79113238875)]",2025-10-08 08:15:00,0,5,47.0,310.16518873145714,2025-10-08 17:15:00,CLOSED
LONG,123497.9,123078.95578836283,"[np.float64(124056.49228218288), np.float64(124335.78842327432), np.float64(124615.08456436578), np.float64(124894.38070545722), np.float64(125173.67684654867)]",2025-10-08 23:15:00,16,0,-24.0,279.29614109144507,2025-10-09 00:00:00,CLOSED
LONG,122194.2,121756.09905452035,"[np.float64(122778.33459397285), np.float64(123070.40189095927), np.float64(123362.4691879457), np.float64(123654.53648493212), np.float64(123946.60378191854)]",2025-10-09 10:45:00,1,4,39.5,292.06729698642454,2025-10-09 14:15:00,CLOSED
SHORT,114793.4,115413.71288964075,"[np.float64(113966.31614714564), np.float64(113552.77422071846), np.float64(113139.23229429129), np.float64(112725.69036786412), np.float64(112312.14844143695)]",2025-10-13 04:00:00,16,0,-24.0,413.5419264271752,2025-10-13 07:00:00,CLOSED
SHORT,114397.8,115172.2816684003,"[np.float64(113365.15777546627), np.float64(112848.83666319941), np.float64(112332.51555093254), np.float64(111816.19443866568), np.float64(111299.87332639881)]",2025-10-13 14:15:00,16,0,-24.0,516.3211122668641,2025-10-13 16:00:00,CLOSED
SHORT,111219.3,112042.82706805388,"[np.float64(110121.26390926148), np.float64(109572.24586389224), np.float64(109023.22781852298), np.float64(108474.20977315372), np.float64(107925.19172778446)]",2025-10-14 15:00:00,16,0,-24.0,549.0180453692558,2025-10-14 15:30:00,CLOSED
SHORT,112521.6,113116.62149306087,"[np.float64(111728.23800925219), np.float64(111331.55701387828), np.float64(110934.87601850438), np.float64(110538.19502313047), np.float64(110141.51402775657)]",2025-10-15 01:15:00,16,0,-24.0,396.6809953739076,2025-10-15 02:15:00,CLOSED
SHORT,112514.7,113136.00596608613,"[np.float64(111686.29204521848), np.float64(111272.08806782772), np.float64(110857.88409043696), np.float64(110443.68011304621), np.float64(110029.47613565545)]",2025-10-15 03:00:00,16,0,-24.0,414.2039773907582,2025-10-15 08:15:00,CLOSED
SHORT,112411.3,112928.73811246107,"[np.float64(111721.38251671857), np.float64(111376.42377507786), np.float64(111031.46503343714), np.float64(110686.50629179642), np.float64(110341.54755015571)]",2025-10-15 10:30:00,0,5,47.0,344.9587416407152,2025-10-15 17:00:00,CLOSED
SHORT,110833.7,111538.3279419217,"[np.float64(109894.19607743774), np.float64(109424.44411615659), np.float64(108954.69215487546), np.float64(108484.94019359433), np.float64(108015.1882323132)]",2025-10-15 21:00:00,16,0,-24.0,469.7519612811335,2025-10-16 02:00:00,CLOSED
SHORT,110771.9,111349.52763121347,"[np.float64(110001.7298250487), np.float64(109616.64473757305), np.float64(109231.5596500974), np.float64(108846.47456262175), np.float64(108461.3894751461)]",2025-10-16 07:15:00,16,0,-24.0,385.0850874756478,2025-10-16 09:30:00,CLOSED
SHORT,110877.5,111513.51685195636,"[np.float64(110029.47753072485), np.float64(109605.46629608727), np.float64(109181.4550614497), np.float64(108757.44382681212), np.float64(108333.43259217455)]",2025-10-16 13:45:00,0,5,47.0,424.0112346375764,2025-10-16 16:00:00,CLOSED
SHORT,108381.0,108815.91294696531,"[np.float64(107801.11607071292), np.float64(107511.17410606937), np.float64(107221.23214142582), np.float64(106931.29017678228), np.float64(106641.34821213874)]",2025-10-17 05:45:00,0,5,47.0,289.9419646435439,2025-10-17 07:00:00,CLOSED
SHORT,106443.2,106939.96123318959,"[np.float64(105780.85168908053), np.float64(105449.6775336208), np.float64(105118.50337816107), np.float64(104787.32922270133), np.float64(104456.15506724159)]",2025-10-17 23:45:00,16,0,-24.0,331.1741554597334,2025-10-18 01:00:00,CLOSED
SHORT,110507.4,111054.98196538001,"[np.float64(109777.29071282665), np.float64(109412.23606923997), np.float64(109047.1814256533), np.float64(108682.12678206663), np.float64(108317.07213847995)]",2025-10-20 16:30:00,16,0,-24.0,365.0546435866735,2025-10-20 17:00:00,CLOSED
SHORT,110576.6,111048.45703071242,"[np.float64(109947.45729238345), np.float64(109632.88593857517), np.float64(109318.3145847669), np.float64(109003.74323095861), np.float64(108689.17187715034)]",2025-10-20 21:45:00,0,5,47.0,314.57135380827754,2025-10-21 04:00:00,CLOSED
SHORT,110868.9,111733.52963454764,"[np.float64(109716.0604872698), np.float64(109139.6407309047), np.float64(108563.22097453961), np.float64(107986.80121817451), np.float64(107410.38146180942)]",2025-10-21 20:15:00,0,5,47.0,576.419756365095,2025-10-22 11:00:00,CLOSED
SHORT,107853.5,108688.94509814354,"[np.float64(106739.57320247528), np.float64(106182.60980371293), np.float64(105625.64640495057), np.float64(105068.68300618822), np.float64(104511.71960742585)]",2025-10-22 17:30:00,8,1,4.0,556.9633987623566,2025-10-23 03:15:00,CLOSED
SHORT,108935.4,109420.86759557434,"[np.float64(108288.10987256753), np.float64(107964.46480885129), np.float64(107640.81974513506), np.float64(107317.17468141882), np.float64(106993.52961770259)]",2025-10-23 12:00:00,16,0,-24.0,323.6450637162337,2025-10-23 13:30:00,CLOSED
SHORT,109545.4,110167.2630386084,"[np.float64(108716.24928185545), np.float64(108301.67392278316), np.float64(107887.09856371088), np.float64(107472.52320463861), np.float64(107057.94784556633)]",2025-10-23 20:45:00,16,0,-24.0,414.5753590722778,2025-10-23 22:30:00,CLOSED
SHORT,110668.3,111191.54666459083,"[np.float64(109970.63778054556), np.float64(109621.80667081835), np.float64(109272.97556109112), np.float64(108924.1444513639), np.float64(108575.31334163668)]",2025-10-24 13:30:00,8,1,4.0,348.8311097272208,2025-10-25 01:30:00,CLOSED
LONG,115433.4,114974.72319163146,"[np.float64(116044.96907782472), np.float64(116350.75361673707), np.float64(116656.53815564942), np.float64(116962.32269456178), np.float64(117268.10723347415)]",2025-10-27 16:30:00,16,0,-24.0,305.7845389123579,2025-10-27 19:00:00,CLOSED
LONG,114238.6,113892.31938424526,"[np.float64(114700.307487673), np.float64(114931.1612315095), np.float64(115162.01497534598), np.float64(115392.86871918249), np.float64(115623.72246301897)]",2025-10-28 07:15:00,0,5,47.0,230.85374383649554,2025-10-28 14:00:00,CLOSED
SHORT,112689.5,113121.24326178539,"[np.float64(112113.84231761948), np.float64(111826.01347642922), np.float64(111538.18463523895), np.float64(111250.3557940487), np.float64(110962.52695285843)]",2025-10-29 14:00:00,0,5,47.0,287.8288411902613,2025-10-29 16:00:00,CLOSED
SHORT,110142.4,110765.42017561439,"[np.float64(109311.70643251414), np.float64(108896.3596487712), np.float64(108481.01286502827), np.float64(108065.66608128534), np.float64(107650.31929754242)]",2025-10-30 09:45:00,0,5,47.0,415.3467837429301,2025-10-30 13:30:00,CLOSED
SHORT,108737.1,109506.01282527273,"[np.float64(107711.88289963636), np.float64(107199.27434945454), np.float64(106686.66579927273), np.float64(106174.05724909091), np.float64(105661.44869890908)]",2025-10-31 16:45:00,16,0,-24.0,512.6085501818199,2025-10-31 18:30:00,CLOSED
SHORT,109706.9,110127.49781559795,"[np.float64(109146.10291253607), np.float64(108865.70436880409), np.float64(108585.30582507212), np.float64(108304.90728134016), np.float64(108024.5087376082)]",2025-11-03 01:00:00,0,5,47.0,280.3985437319676,2025-11-03 03:15:00,CLOSED
SHORT,105931.9,106669.30827291135,"[np.float64(104948.68896945153), np.float64(104457.0834541773), np.float64(103965.47793890304), np.float64(103473.87242362881), np.float64(102982.26690835458)]",2025-11-03 15:15:00,16,0,-24.0,491.6055152742358,2025-11-03 16:45:00,CLOSED
SHORT,105626.2,106267.38102807345,"[np.float64(104771.29196256874), np.float64(104343.8379438531), np.float64(103916.38392513746), np.float64(103488.92990642184), np.float64(103061.4758877062)]",2025-11-04 05:15:00,0,5,47.0,427.4540187156327,2025-11-04 14:30:00,CLOSED
SHORT,101355.6,101960.58743769105,"[np.float64(100548.95008307861), np.float64(100145.62512461792), np.float64(99742.30016615722), np.float64(99338.97520769652), np.float64(98935.65024923583)]",2025-11-05 10:45:00,16,0,-24.0,403.32495846069673,2025-11-05 11:45:00,CLOSED
SHORT,103277.3,103805.93530173201,"[np.float64(102572.45293102399), np.float64(102220.02939653599), np.float64(101867.60586204799), np.float64(101515.18232755999), np.float64(101162.75879307197)]",2025-11-05 22:00:00,16,0,-24.0,352.4235344880042,2025-11-05 23:00:00,CLOSED
SHORT,103408.4,103898.01103440647,"[np.float64(102755.58528745802), np.float64(102429.17793118702), np.float64(102102.77057491604), np.float64(101776.36321864504), np.float64(101449.95586237406)]",2025-11-06 00:15:00,8,1,4.0,326.4073562709895,2025-11-06 03:15:00,CLOSED
SHORT,103110.7,103606.22624779296,"[np.float64(102449.99833627604), np.float64(102119.64750441407), np.float64(101789.2966725521), np.float64(101458.94584069011), np.float64(101128.59500882814)]",2025-11-06 05:45:00,0,5,47.0,330.35083186197625,2025-11-06 16:30:00,CLOSED
SHORT,105609.9,106047.19093571299,"[np.float64(105026.84541904932), np.float64(104735.31812857398), np.float64(104443.79083809865), np.float64(104152.26354762331), np.float64(103860.73625714798)]",2025-11-10 14:30:00,4,2,22.0,291.52729047533535,2025-11-10 20:00:00,CLOSED
SHORT,105699.4,106311.22819306942,"[np.float64(104883.62907590743), np.float64(104475.74361386115), np.float64(104067.85815181489), np.float64(103659.9726897686), np.float64(103252.08722772232)]",2025-11-11 04:45:00,0,5,47.0,407.8854620462787,2025-11-11 15:45:00,CLOSED
SHORT,103706.1,104266.00381635384,"[np.float64(102959.5615781949), np.float64(102586.29236729234), np.float64(102213.02315638978), np.float64(101839.75394548723), np.float64(101466.48473458468)]",2025-11-12 15:00:00,0,5,47.0,373.2692109025548,2025-11-12 16:00:00,CLOSED
SHORT,98959.4,99840.91634416433,"[np.float64(97784.04487444754), np.float64(97196.36731167132), np.float64(96608.68974889509), np.float64(96021.01218611887), np.float64(95433.33462334264)]",2025-11-14 00:45:00,16,0,-24.0,587.677562776226,2025-11-14 02:30:00,CLOSED
SHORT,98896.6,99636.842641004,"[np.float64(97909.60981199467), np.float64(97416.11471799201), np.float64(96922.61962398935), np.float64(96429.12452998669), np.float64(95935.62943598401)]",2025-11-14 03:30:00,0,5,47.0,493.49509400266487,2025-11-14 06:45:00,CLOSED
SHORT,95966.5,96918.32065297537,"[np.float64(94697.40579603285), np.float64(94062.85869404927), np.float64(93428.3115920657), np.float64(92793.76449008212), np.float64(92159.21738809855)]",2025-11-14 18:15:00,0,5,47.0,634.5471019835755,2025-11-17 19:15:00,CLOSED
SHORT,92438.8,93030.46188477046,"[np.float64(91649.91748697274), np.float64(91255.47623045911), np.float64(90861.03497394548), np.float64(90466.59371743185), np.float64(90072.15246091822)]",2025-11-18 21:45:00,16,0,-24.0,394.44125651363015,2025-11-18 22:00:00,CLOSED
SHORT,91059.4,91558.49625077075,"[np.float64(90393.93833230565), np.float64(90061.20749845848), np.float64(89728.47666461131), np.float64(89395.74583076414), np.float64(89063.01499691697)]",2025-11-19 14:15:00,16,0,-24.0,332.7308338471706,2025-11-19 14:30:00,CLOSED
SHORT,90635.4,91332.47874051255,"[np.float64(89705.96167931658), np.float64(89241.24251897488), np.float64(88776.52335863317), np.float64(88311.80419829147), np.float64(87847.08503794976)]",2025-11-19 15:30:00,2,3,33.0,464.7191603417051,2025-11-19 23:15:00,CLOSED
SHORT,87165.4,88080.55439198371,"[np.float64(85945.1941440217), np.float64(85335.09121603255), np.float64(84724.98828804342), np.float64(84114.88536005426), np.float64(83504.78243206513)]",2025-11-20 23:15:00,0,5,47.0,610.1029279891449,2025-11-21 07:30:00,CLOSED
SHORT,82817.5,84085.34972714914,"[np.float64(81127.0336971345), np.float64(80281.80054570174), np.float64(79436.56739426899), np.float64(78591.33424283624), np.float64(77746.10109140349)]",2025-11-21 16:00:00,16,0,-24.0,845.2331514327531,2025-11-21 16:45:00,CLOSED
SHORT,86542.8,87256.71929732141,"[np.float64(85590.90760357147), np.float64(85114.9614053572), np.float64(84639.01520714293), np.float64(84163.06900892867), np.float64(83687.12281071438)]",2025-11-24 04:15:00,16,0,-24.0,475.946198214269,2025-11-24 05:00:00,CLOSED
SHORT,87881.6,88343.36172400367,"[np.float64(87265.91770132846), np.float64(86958.07655199268), np.float64(86650.23540265691), np.float64(86342.39425332114), np.float64(86034.55310398537)]",2025-11-25 00:15:00,16,0,-24.0,307.84114933577325,2025-11-25 04:45:00,CLOSED
SHORT,87017.8,87477.23367821754,"[np.float64(86405.22176237662), np.float64(86098.93264356493), np.float64(85792.64352475324), np.float64(85486.35440594153), np.float64(85180.06528712984)]",2025-11-25 13:30:00,4,2,22.0,306.2891188116934,2025-11-25 17:00:00,CLOSED
SHORT,86220.8,86897.50780031648,"[np.float64(85318.52293291136), np.float64(84867.38439936705), np.float64(84416.24586582273), np.float64(83965.1073322784), np.float64(83513.96879873409)]",2025-11-25 19:15:00,16,0,-24.0,451.1385335443201,2025-11-25 19:45:00,CLOSED
SHORT,86853.1,87393.19247064932,"[np.float64(86132.97670580092), np.float64(85772.91505870139), np.float64(85412.85341160184), np.float64(85052.7917645023), np.float64(84692.73011740275)]",2025-11-26 04:00:00,16,0,-24.0,360.06164709954123,2025-11-26 05:00:00,CLOSED
SHORT,87310.7,87698.76921332843,"[np.float64(86793.27438222876), np.float64(86534.56157334315), np.float64(86275.84876445752), np.float64(86017.13595557191), np.float64(85758.42314668628)]",2025-11-26 09:00:00,4,2,22.0,258.71280888561773,2025-11-26 16:15:00,CLOSED
SHORT,91089.8,91420.43137744261,"[np.float64(90648.95816340987), np.float64(90428.5372451148), np.float64(90208.11632681973), np.float64(89987.69540852465), np.float64(89767.2744902296)]",2025-11-27 12:30:00,4,2,22.0,220.42091829506862,2025-11-27 16:30:00,CLOSED
SHORT,90889.8,91211.86254208806,"[np.float64(90460.38327721594), np.float64(90245.67491582391), np.float64(90030.96655443189), np.float64(89816.25819303984), np.float64(89601.54983164782)]",2025-11-28 07:45:00,16,0,-24.0,214.70836139203075,2025-11-28 08:00:00,CLOSED
SHORT,90907.8,91595.3726812463,"[np.float64(89991.03642500493), np.float64(89532.6546375074), np.float64(89074.27285000986), np.float64(88615.89106251232), np.float64(88157.50927501479)]",2025-11-28 16:45:00,16,0,-24.0,458.38178749753513,2025-11-30 09:15:00,CLOSED
SHORT,86460.9,86834.53937061626,"[np.float64(85962.71417251164), np.float64(85713.62125876745), np.float64(85464.52834502328), np.float64(85215.4354312791), np.float64(84966.34251753493)]",2025-12-01 11:00:00,0,5,47.0,249.09291374417901,2025-12-01 12:45:00,CLOSED
SHORT,86452.8,86831.97806017542,"[np.float64(85947.22925309945), np.float64(85694.44387964916), np.float64(85441.65850619889), np.float64(85188.8731327486), np.float64(84936.08775929832)]",2025-12-02 08:30:00,16,0,-24.0,252.7853734502804,2025-12-02 09:00:00,CLOSED
SHORT,92039.5,92584.75306414386,"[np.float64(91312.49591447484), np.float64(90948.99387171227), np.float64(90585.4918289497), np.float64(90221.98978618713), np.float64(89858.48774342454)]",2025-12-03 14:00:00,16,0,-24.0,363.5020427625751,2025-12-03 14:30:00,CLOSED
SHORT,93184.8,93687.10277971168,"[np.float64(92515.06296038444), np.float64(92180.19444057666), np.float64(91845.32592076887), np.float64(91510.45740096108), np.float64(91175.58888115331)]",2025-12-04 05:00:00,0,5,47.0,334.8685198077836,2025-12-04 19:15:00,CLOSED
SHORT,90406.6,90886.21522760848,"[np.float64(89767.11302985536), np.float64(89447.36954478304), np.float64(89127.62605971073), np.float64(88807.88257463841), np.float64(88488.13908956609)]",2025-12-09 00:30:00,8,1,4.0,319.74348507232,2025-12-09 15:00:00,CLOSED
SHORT,92653.6,93321.43319197456,"[np.float64(91763.15574403394), np.float64(91317.9336160509), np.float64(90872.71148806787), np.float64(90427.48936008483), np.float64(89982.2672321018)]",2025-12-09 21:45:00,8,1,4.0,445.2221279830344,2025-12-10 20:00:00,CLOSED
SHORT,89465.0,89769.69730410863,"[np.float64(89058.73692785516), np.float64(88855.60539178274), np.float64(88652.47385571033), np.float64(88449.3423196379), np.float64(88246.21078356548)]",2025-12-15 12:00:00,16,0,-24.0,203.13153607241992,2025-12-15 14:30:00,CLOSED
SHORT,85815.6,86323.64860316241,"[np.float64(85138.20186245014), np.float64(84799.5027936752), np.float64(84460.80372490027), np.float64(84122.10465612533), np.float64(83783.4055873504)]",2025-12-16 00:45:00,16,0,-24.0,338.6990687749357,2025-12-16 06:15:00,CLOSED
SHORT,87397.1,87800.68470896492,"[np.float64(86858.98705471345), np.float64(86589.93058207018), np.float64(86320.8741094269), np.float64(86051.81763678363), np.float64(85782.76116414035)]",2025-12-17 00:30:00,16,0,-24.0,269.0564726432757,2025-12-17 01:15:00,CLOSED
SHORT,86585.3,87608.64779852254,"[np.float64(85220.83626863663), np.float64(84538.60440295494), np.float64(83856.37253727326), np.float64(83174.14067159157), np.float64(82491.90880590987)]",2025-12-17 16:30:00,16,0,-24.0,682.2318656816874,2025-12-18 13:00:00,CLOSED
SHORT,86304.5,87274.33502997927,"[np.float64(85011.38662669431), np.float64(84364.82994004145), np.float64(83718.2732533886), np.float64(83071.71656673576), np.float64(82425.15988008291)]",2025-12-18 17:00:00,8,1,4.0,646.5566866528484,2025-12-19 03:30:00,CLOSED
SHORT,87592.2,88366.4007990966,"[np.float64(86559.93226787118), np.float64(86043.79840180678), np.float64(85527.66453574237), np.float64(85011.53066967796), np.float64(84495.39680361355)]",2025-12-19 17:15:00,16,0,-24.0,516.1338660644077,2025-12-19 20:30:00,CLOSED
SHORT,89364.4,89970.06126820606,"[np.float64(88556.8516423919), np.float64(88153.07746358786), np.float64(87749.30328478382), np.float64(87345.52910597977), np.float64(86941.75492717573)]",2025-12-22 15:30:00,16,0,-24.0,403.7741788040432,2025-12-22 16:15:00,CLOSED
SHORT,87413.8,87812.6270859037,"[np.float64(86882.0305521284), np.float64(86616.1458281926), np.float64(86350.2611042568), np.float64(86084.376380321), np.float64(85818.4916563852)]",2025-12-23 14:30:00,4,2,22.0,265.88472393580093,2025-12-23 16:00:00,CLOSED
SHORT,86909.0,87332.35690151918,"[np.float64(86344.52413130777), np.float64(86062.28619696165), np.float64(85780.04826261554), np.float64(85497.81032826942), np.float64(85215.57239392331)]",2025-12-24 14:45:00,16,0,-24.0,282.2379343461147,2025-12-24 16:30:00,CLOSED
SHORT,87437.2,87630.0804675261,"[np.float64(87180.02604329852), np.float64(87051.43906494779), np.float64(86922.85208659705), np.float64(86794.26510824631), np.float64(86665.67812989558)]",2025-12-25 08:15:00,16,0,-24.0,128.5869783507362,2025-12-25 13:30:00,CLOSED
SHORT,87796.5,88062.60241530926,"[np.float64(87441.69677958766), np.float64(87264.29516938148), np.float64(87086.89355917531), np.float64(86909.49194896914), np.float64(86732.09033876297)]",2025-12-25 20:30:00,1,4,39.5,177.40161020617296,2025-12-26 02:00:00,CLOSED
SHORT,87370.8,87842.92790125163,"[np.float64(86741.29613166451), np.float64(86426.54419749675), np.float64(86111.792263329), np.float64(85797.04032916126), np.float64(85482.2883949935)]",2025-12-26 14:45:00,8,1,4.0,314.75193416774977,2025-12-27 22:00:00,CLOSED
SHORT,89306.5,89694.26868081593,"[np.float64(88789.47509224543), np.float64(88530.96263836813), np.float64(88272.45018449084), np.float64(88013.93773061354), np.float64(87755.42527673626)]",2025-12-29 09:15:00,0,5,47.0,258.51245387729017,2025-12-29 09:45:00,CLOSED
SHORT,88054.7,88565.72064972363,"[np.float64(87373.33913370181), np.float64(87032.65870055273), np.float64(86691.97826740363), np.float64(86351.29783425454), np.float64(86010.61740110544)]",2025-12-30 19:00:00,16,0,-24.0,340.680433149092,2025-12-31 01:15:00,CLOSED
SHORT,88260.6,88569.7607088389,"[np.float64(87848.38572154814), np.float64(87642.27858232221), np.float64(87436.17144309627), np.float64(87230.06430387034), np.float64(87023.95716464441)]",2025-12-31 04:30:00,16,0,-24.0,206.10713922593237,2025-12-31 08:00:00,CLOSED
SHORT,88408.8,88719.79323204535,"[np.float64(87994.14235727285), np.float64(87786.81353590928), np.float64(87579.48471454572), np.float64(87372.15589318213), np.float64(87164.82707181857)]",2025-12-31 14:45:00,8,1,4.0,207.32882136357242,2026-01-01 23:15:00,CLOSED
SHORT,88355.5,88625.35642724558,"[np.float64(87995.69143033921), np.float64(87815.78714550883), np.float64(87635.88286067844), np.float64(87455.97857584804), np.float64(87276.07429101765)]",2026-01-02 02:30:00,16,0,-24.0,179.904284830391,2026-01-02 03:00:00,CLOSED
SHORT,88885.4,89246.16244401394,"[np.float64(88404.3834079814), np.float64(88163.8751119721), np.float64(87923.3668159628), np.float64(87682.8585199535), np.float64(87442.35022394419)]",2026-01-02 14:15:00,16,0,-24.0,240.5082960092999,2026-01-02 14:30:00,CLOSED
LONG,92567.8,92201.25422745092,"[np.float64(93056.52769673213), np.float64(93300.89154509817), np.float64(93545.25539346423), np.float64(93789.6192418303), np.float64(94033.98309019636)]",2026-01-05 07:00:00,0,5,47.0,244.3638483660589,2026-01-05 16:00:00,CLOSED
LONG,93740.1,93430.65255000192,"[np.float64(94152.69659999745), np.float64(94358.99489999618), np.float64(94565.29319999489), np.float64(94771.59149999362), np.float64(94977.88979999235)]",2026-01-06 11:00:00,4,2,22.0,206.2982999987232,2026-01-06 15:30:00,CLOSED
LONG,93441.1,92816.07811579897,"[np.float64(94274.46251226806), np.float64(94691.14376840208), np.float64(95107.82502453611), np.float64(95524.50628067013), np.float64(95941.18753680417)]",2026-01-06 21:15:00,16,0,-24.0,416.6812561340257,2026-01-07 00:45:00,CLOSED
LONG,90470.5,89911.48297514908,"[np.float64(91215.85603313457), np.float64(91588.53404970185), np.float64(91961.21206626913), np.float64(92333.89008283641), np.float64(92706.5680994037)]",2026-01-08 15:15:00,4,2,22.0,372.6780165672819,2026-01-09 08:45:00,CLOSED
SHORT,90231.0,90627.4139381671,"[np.float64(89702.44808244387), np.float64(89438.1721236658), np.float64(89173.89616488774), np.float64(88909.62020610968), np.float64(88645.34424733161)]",2026-01-09 14:00:00,16,0,-24.0,264.2759587780645,2026-01-09 15:15:00,CLOSED
LONG,91198.6,90670.46821322432,"[np.float64(91902.77571570092), np.float64(92254.86357355137), np.float64(92606.95143140183), np.float64(92959.03928925228), np.float64(93311.12714710273)]",2026-01-12 15:15:00,0,5,47.0,352.087857850455,2026-01-13 15:45:00,CLOSED
LONG,95462.6,95096.41853459002,"[np.float64(95950.84195388), np.float64(96194.96293081998), np.float64(96439.08390775997), np.float64(96683.20488469997), np.float64(96927.32586163995)]",2026-01-14 14:00:00,0,5,47.0,244.12097693999115,2026-01-14 15:00:00,CLOSED
LONG,96566.7,96169.8937428613,"[np.float64(97095.77500951826), np.float64(97360.3125142774), np.float64(97624.85001903652), np.float64(97889.38752379565), np.float64(98153.92502855478)]",2026-01-15 07:30:00,8,1,4.0,264.53750475913074,2026-01-15 14:30:00,CLOSED
LONG,95637.8,95309.97713504611,"[np.float64(96074.89715327186), np.float64(96293.44572990779), np.float64(96511.99430654373), np.float64(96730.54288317965), np.float64(96949.09145981558)]",2026-01-16 06:15:00,16,0,-24.0,218.54857663592924,2026-01-16 10:30:00,CLOSED
LONG,95694.1,95424.05680482992,"[np.float64(96054.15759356013), np.float64(96234.18639034018), np.float64(96414.21518712024), np.float64(96594.2439839003), np.float64(96774.27278068036)]",2026-01-16 14:15:00,16,0,-24.0,180.028796780059,2026-01-16 14:30:00,CLOSED
LONG,95218.8,94826.96065473318,"[np.float64(95741.25246035578), np.float64(96002.47869053367), np.float64(96263.70492071155), np.float64(96524.93115088943), np.float64(96786.15738106733)]",2026-01-16 20:30:00,16,0,-24.0,261.2262301778867,2026-01-18 23:15:00,CLOSED
LONG,93134.4,92773.69409665567,"[np.float64(93615.3412044591), np.float64(93855.81180668864), np.float64(94096.28240891818), np.float64(94336.75301114774), np.float64(94577.22361337728)]",2026-01-19 08:30:00,16,0,-24.0,240.47060222954758,2026-01-19 14:00:00,CLOSED
LONG,93155.4,92840.02445530087,"[np.float64(93575.90072626549), np.float64(93786.15108939823), np.float64(93996.40145253099), np.float64(94206.65181566373), np.float64(94416.90217879649)]",2026-01-19 16:15:00,16,0,-24.0,210.25036313274813,2026-01-19 22:00:00,CLOSED
SHORT,89024.6,89457.28238434164,"[np.float64(88447.69015421114), np.float64(88159.23523131672), np.float64(87870.7803084223), np.float64(87582.32538552787), np.float64(87293.87046263344)]",2026-01-21 08:00:00,16,0,-24.0,288.45492289442757,2026-01-21 09:30:00,CLOSED
SHORT,87512.7,88408.92318452777,"[np.float64(86317.73575396297), np.float64(85720.25363094447), np.float64(85122.77150792595), np.float64(84525.28938490745), np.float64(83927.80726188893)]",2026-01-21 16:45:00,16,0,-24.0,597.4821230185105,2026-01-21 18:45:00,CLOSED
SHORT,89665.2,90029.06292621818,"[np.float64(89180.04943170909), np.float64(88937.47414756364), np.float64(88694.89886341817), np.float64(88452.32357927272), np.float64(88209.74829512727)]",2026-01-22 08:00:00,16,0,-24.0,242.57528414545436,2026-01-22 09:15:00,CLOSED
SHORT,89505.4,89863.62085338052,"[np.float64(89027.77219549262), np.float64(88788.95829323895), np.float64(88550.14439098525), np.float64(88311.33048873158), np.float64(88072.51658647788)]",2026-01-22 13:30:00,2,3,33.0,238.81390225368486,2026-01-22 19:30:00,CLOSED
SHORT,89147.1,89656.3307442259,"[np.float64(88468.1256743655), np.float64(88128.63851154824), np.float64(87789.15134873099), np.float64(87449.66418591373), np.float64(87110.17702309648)]",2026-01-22 21:45:00,16,0,-24.0,339.4871628172557,2026-01-23 01:30:00,CLOSED
SHORT,89470.5,89796.90322010273,"[np.float64(89035.2957065297), np.float64(88817.69355979454), np.float64(88600.0914130594), np.float64(88382.48926632425), np.float64(88164.8871195891)]",2026-01-23 05:45:00,2,3,33.0,217.6021467351507,2026-01-23 15:45:00,CLOSED
SHORT,89288.8,89925.85523727501,"[np.float64(88439.39301696666), np.float64(88014.68952545), np.float64(87589.98603393332), np.float64(87165.28254241665), np.float64(86740.57905089998)]",2026-01-23 20:30:00,16,0,-24.0,424.70349151667034,2026-01-24 03:15:00,CLOSED
SHORT,87293.9,87945.24508442858,"[np.float64(86425.43988742855), np.float64(85991.20983114283), np.float64(85556.9797748571), np.float64(85122.74971857137), np.float64(84688.51966228566)]",2026-01-26 16:00:00,16,0,-24.0,434.2300562857233,2026-01-26 18:15:00,CLOSED
SHORT,87498.9,88075.42542600926,"[np.float64(86730.19943198764), np.float64(86345.84914798145), np.float64(85961.49886397528), np.float64(85577.1485799691), np.float64(85192.79829596293)]",2026-01-26 20:45:00,16,0,-24.0,384.3502840061781,2026-01-26 21:30:00,CLOSED
SHORT,87542.7,87890.66295397661,"[np.float64(87078.74939469785), np.float64(86846.77409204676), np.float64(86614.79878939569), np.float64(86382.82348674462), np.float64(86150.84818409354)]",2026-01-27 14:30:00,16,0,-24.0,231.97530265107628,2026-01-27 15:00:00,CLOSED
SHORT,87354.5,87946.6845387604,"[np.float64(86564.92061498613), np.float64(86170.13092247919), np.float64(85775.34122997225), np.float64(85380.55153746533), np.float64(84985.7618449584)]",2026-01-27 17:30:00,16,0,-24.0,394.7896925069348,2026-01-27 18:45:00,CLOSED
SHORT,89125.8,89645.87753488778,"[np.float64(88432.3632868163), np.float64(88085.64493022446), np.float64(87738.9265736326), np.float64(87392.20821704075), np.float64(87045.4898604489)]",2026-01-28 15:15:00,16,0,-24.0,346.7183565918495,2026-01-28 16:15:00,CLOSED
SHORT,89231.6,89858.29911465192,"[np.float64(88396.00118046411), np.float64(87978.20177069618), np.float64(87560.40236092823), np.float64(87142.60295116028), np.float64(86724.80354139234)]",2026-01-28 19:00:00,0,5,47.0,417.79940976794455,2026-01-29 15:00:00,CLOSED
SHORT,84235.8,84737.30134835743,"[np.float64(83567.13153552343), np.float64(83232.79730328514), np.float64(82898.46307104686), np.float64(82564.12883880858), np.float64(82229.79460657029)]",2026-01-30 00:15:00,0,5,47.0,334.33423223828555,2026-01-30 01:30:00,CLOSED
SHORT,82342.2,83244.95688235493,"[np.float64(81138.52415686009), np.float64(80536.68623529014), np.float64(79934.84831372018), np.float64(79333.01039215023), np.float64(78731.17247058028)]",2026-01-30 18:15:00,16,0,-24.0,601.8379215699537,2026-01-30 18:45:00,CLOSED
SHORT,77787.5,78274.41961864568,"[np.float64(77138.27384180576), np.float64(76813.66076270862), np.float64(76489.0476836115), np.float64(76164.43460451438), np.float64(75839.82152541725)]",2026-02-03 02:45:00,16,0,-24.0,324.613079097125,2026-02-03 03:30:00,CLOSED
SHORT,77852.8,78387.67534358667,"[np.float64(77139.63287521778), np.float64(76783.04931282667), np.float64(76426.46575043557), np.float64(76069.88218804446), np.float64(75713.29862565335)]",2026-02-03 09:15:00,16,0,-24.0,356.5835623911098,2026-02-03 10:00:00,CLOSED
SHORT,75999.8,76469.7689548197,"[np.float64(75373.17472690709), np.float64(75059.86209036064), np.float64(74746.54945381416), np.float64(74433.23681726771), np.float64(74119.92418072125)]",2026-02-04 08:15:00,16,0,-24.0,313.31263654645835,2026-02-04 08:45:00,CLOSED
SHORT,70612.7,71434.25013205285,"[np.float64(69517.29982392953), np.float64(68969.5997358943), np.float64(68421.89964785907), np.float64(67874.19955982383), np.float64(67326.4994717886)]",2026-02-05 11:00:00,0,5,47.0,547.7000880352333,2026-02-05 15:15:00,CLOSED
SHORT,70542.5,71055.61324864505,"[np.float64(69858.3490018066), np.float64(69516.27350270988), np.float64(69174.19800361319), np.float64(68832.12250451648), np.float64(68490.04700541978)]",2026-02-09 06:30:00,0,5,47.0,342.07549909670416,2026-02-09 10:30:00,CLOSED
SHORT,68218.6,68790.29446557474,"[np.float64(67456.34071256703), np.float64(67075.21106885055), np.float64(66694.08142513406), np.float64(66312.95178141758), np.float64(65931.82213770109)]",2026-02-10 14:30:00,16,0,-24.0,381.1296437164862,2026-02-10 15:00:00,CLOSED
SHORT,68909.5,69567.75416896686,"[np.float64(68031.82777471087), np.float64(67592.9916620663), np.float64(67154.15554942173), np.float64(66715.31943677715), np.float64(66276.48332413258)]",2026-02-10 19:00:00,0,5,47.0,438.8361126445688,2026-02-11 15:00:00,CLOSED
SHORT,67205.6,67650.68199182872,"[np.float64(66612.15734422838), np.float64(66315.43601634256), np.float64(66018.71468845675), np.float64(65721.99336057094), np.float64(65425.27203268513)]",2026-02-12 04:15:00,16,0,-24.0,296.72132788581376,2026-02-12 09:45:00,CLOSED
SHORT,67411.9,67978.04605116285,"[np.float64(66657.03859844952), np.float64(66279.60789767429), np.float64(65902.17719689905), np.float64(65524.74649612382), np.float64(65147.31579534859)]",2026-02-12 15:00:00,16,0,-24.0,377.4307007752341,2026-02-12 15:30:00,CLOSED
SHORT,66172.8,66528.75950242238,"[np.float64(65698.1873301035), np.float64(65460.88099515523), np.float64(65223.57466020697), np.float64(64986.268325258716), np.float64(64748.961990310454)]",2026-02-13 05:45:00,16,0,-24.0,237.30633494825764,2026-02-13 07:00:00,CLOSED
SHORT,66116.9,66481.14011779802,"[np.float64(65631.24650960263), np.float64(65388.41976440394), np.float64(65145.593019205255), np.float64(64902.76627400657), np.float64(64659.93952880789)]",2026-02-13 07:30:00,16,0,-24.0,242.82674519868434,2026-02-13 08:00:00,CLOSED
SHORT,68585.7,69002.63914733496,"[np.float64(68029.7811368867), np.float64(67751.82170533005), np.float64(67473.86227377341), np.float64(67195.90284221676), np.float64(66917.94341066011)]",2026-02-16 01:30:00,16,0,-24.0,277.9594315566477,2026-02-16 09:30:00,CLOSED
SHORT,68390.5,68973.81541861806,"[np.float64(67612.74610850925), np.float64(67223.86916276386), np.float64(66834.99221701849), np.float64(66446.11527127311), np.float64(66057.23832552774)]",2026-02-16 13:45:00,8,1,4.0,388.8769457453773,2026-02-16 23:45:00,CLOSED
SHORT,68468.3,68858.34726663199,"[np.float64(67948.23697782401), np.float64(67688.20546673602), np.float64(67428.17395564803), np.float64(67168.14244456003), np.float64(66908.11093347204)]",2026-02-17 03:45:00,0,5,47.0,260.031511087994,2026-02-17 14:45:00,CLOSED
SHORT,67349.8,67713.40573570928,"[np.float64(66864.99235238764), np.float64(66622.58852858144), np.float64(66380.18470477525), np.float64(66137.78088096908), np.float64(65895.37705716288)]",2026-02-18 11:00:00,8,1,4.0,242.4038238061865,2026-02-18 15:30:00,CLOSED
SHORT,67315.2,67663.48107733509,"[np.float64(66850.82523021987), np.float64(66618.63784532981), np.float64(66386.45046043974), np.float64(66154.26307554968), np.float64(65922.0756906596)]",2026-02-20 11:45:00,4,2,22.0,232.18738489006415,2026-02-20 15:00:00,CLOSED
SHORT,66989.2,67657.36904690745,"[np.float64(66098.30793745672), np.float64(65652.86190618508), np.float64(65207.415874913444), np.float64(64761.969843641804), np.float64(64316.523812370164)]",2026-02-20 17:15:00,16,0,-24.0,445.4460312716387,2026-02-20 17:45:00,CLOSED
SHORT,67144.8,67409.27380880294,"[np.float64(66792.16825492942), np.float64(66615.85238239412), np.float64(66439.53650985882), np.float64(66263.22063732354), np.float64(66086.90476478824)]",2026-02-23 00:30:00,0,5,47.0,176.31587253529352,2026-02-23 01:00:00,CLOSED
SHORT,64319.4,64770.12116460362,"[np.float64(63718.43844719518), np.float64(63417.95767079277), np.float64(63117.47689439036), np.float64(62816.996117987954), np.float64(62516.515341585546)]",2026-02-24 01:00:00,1,4,39.5,300.4807764024099,2026-02-25 01:00:00,CLOSED
SHORT,64872.8,65327.39083342488,"[np.float64(64266.67888876684), np.float64(63963.618333150254), np.float64(63660.55777753367), np.float64(63357.49722191709), np.float64(63054.436666300506)]",2026-02-25 05:45:00,16,0,-24.0,303.06055561658286,2026-02-25 08:30:00,CLOSED
SHORT,68120.8,68545.08906310397,"[np.float64(67555.08124919473), np.float64(67272.22187379209), np.float64(66989.36249838946), np.float64(66706.50312298682), np.float64(66423.64374758417)]",2026-02-26 06:30:00,16,0,-24.0,282.8593754026384,2026-02-26 09:45:00,CLOSED
SHORT,68075.5,68426.94183430908,"[np.float64(67606.9108875879), np.float64(67372.61633138185), np.float64(67138.3217751758), np.float64(66904.02721896976), np.float64(66669.73266276371)]",2026-02-26 11:30:00,0,5,47.0,234.29455620604884,2026-02-26 16:45:00,CLOSED
SHORT,67303.7,67659.19405850177,"[np.float64(66829.70792199763), np.float64(66592.71188299645), np.float64(66355.71584399526), np.float64(66118.71980499409), np.float64(65881.72376599291)]",2026-02-27 00:15:00,16,0,-24.0,236.99603900118206,2026-02-27 03:45:00,CLOSED
SHORT,66873.7,67276.65260647677,"[np.float64(66336.42985803097), np.float64(66067.79478704646), np.float64(65799.15971606194), np.float64(65530.52464507743), np.float64(65261.889574092915)]",2026-02-27 10:00:00,0,5,47.0,268.6350709845142,2026-02-27 17:15:00,CLOSED
SHORT,66205.9,66688.41039893228,"[np.float64(65562.55280142362), np.float64(65240.879202135424), np.float64(64919.205602847236), np.float64(64597.53200355904), np.float64(64275.85840427085)]",2026-03-02 06:45:00,8,1,4.0,321.67359928819025,2026-03-02 09:15:00,CLOSED
SHORT,67959.9,68492.6261375107,"[np.float64(67249.59848331905), np.float64(66894.44772497859), np.float64(66539.29696663811), np.float64(66184.14620829764), np.float64(65828.99544995718)]",2026-03-04 00:30:00,16,0,-24.0,355.15075834047093,2026-03-04 01:30:00,CLOSED
SHORT,70904.7,71298.40194341427,"[np.float64(70379.76407544763), np.float64(70117.29611317144), np.float64(69854.82815089525), np.float64(69592.36018861907), np.float64(69329.89222634288)]",2026-03-06 04:00:00,0,5,47.0,262.46796227618535,2026-03-06 13:45:00,CLOSED
LONG,70756.1,70390.83406853401,"[np.float64(71243.12124195468), np.float64(71486.631862932), np.float64(71730.14248390934), np.float64(71973.65310488667), np.float64(72217.16372586401)]",2026-03-10 13:00:00,16,0,-24.0,243.5106209773333,2026-03-10 13:30:00,CLOSED
LONG,71201.4,70494.88881031769,"[np.float64(72143.4149195764), np.float64(72614.42237936462), np.float64(73085.42983915283), np.float64(73556.43729894103), np.float64(74027.44475872924)]",2026-03-10 15:00:00,16,0,-24.0,471.00745978820737,2026-03-10 18:00:00,CLOSED
SHORT,70326.1,71019.98869522709,"[np.float64(69400.91507303056), np.float64(68938.32260954584), np.float64(68475.7301460611), np.float64(68013.13768257639), np.float64(67550.54521909165)]",2026-03-10 18:15:00,8,1,4.0,462.59246348472476,2026-03-11 13:30:00,CLOSED
SHORT,69592.3,70123.03210279866,"[np.float64(68884.65719626844), np.float64(68530.83579440266), np.float64(68177.01439253689), np.float64(67823.19299067112), np.float64(67469.37158880533)]",2026-03-12 14:30:00,16,0,-24.0,353.8214018657784,2026-03-12 15:15:00,CLOSED
SHORT,69930.4,70455.26431911264,"[np.float64(69230.5809078498), np.float64(68880.6713617747), np.float64(68530.76181569959), np.float64(68180.85226962449), np.float64(67830.9427235494)]",2026-03-12 18:30:00,16,0,-24.0,349.90954607509974,2026-03-12 19:45:00,CLOSED
SHORT,70044.2,70400.19710228869,"[np.float64(69569.53719694841), np.float64(69332.20579542262), np.float64(69094.87439389683), np.float64(68857.54299237103), np.float64(68620.21159084524)]",2026-03-12 22:30:00,16,0,-24.0,237.3314015257927,2026-03-12 23:00:00,CLOSED
